played_at,ms_played,track_name,artist_name,album_name,spotify_track_uri,copies
2020-12-17 23:41:39+00:00,0,96 Anthem,Mat Eman,Again,spotify:track:5yoTTfx5vpfZYoH9ETmnsm,9
2020-12-17 23:41:43+00:00,0,Middle Finger Anthem,Sublime Eman,Rated E,spotify:track:2erODweK4HFMJxCsfec9aS,8
2020-12-17 23:41:38+00:00,0,96 Anthem,Mat Eman,Again,spotify:track:5yoTTfx5vpfZYoH9ETmnsm,6
2020-12-17 23:41:52+00:00,0,"The House Music Anthem ""The Italian Connection"" - Emanuele Inglese Remix","Curtis ""Move Your Body"" Mcclain",Move Your Body 30Th Anniversary: Commemorative Edition,spotify:track:3tU5DnD5FZdBzDsHXL2aMS,6
2020-12-17 23:41:54+00:00,0,"The House Music Anthem ""The Italian Connection"" - Emanuele Inglese Remix","Curtis ""Move Your Body"" Mcclain",Move Your Body 30Th Anniversary: Commemorative Edition,spotify:track:3tU5DnD5FZdBzDsHXL2aMS,6
2020-12-17 23:41:42+00:00,0,Middle Finger Anthem,Sublime Eman,Rated E,spotify:track:2erODweK4HFMJxCsfec9aS,5
2020-12-17 23:41:45+00:00,0,Middle Finger Anthem,Sublime Eman,Rated E,spotify:track:2erODweK4HFMJxCsfec9aS,5
2020-12-17 23:41:49+00:00,0,"The House Music Anthem ""The Italian Connection"" - Emanuele Inglese Remix","Curtis ""Move Your Body"" Mcclain",Move Your Body 30Th Anniversary: Commemorative Edition,spotify:track:3tU5DnD5FZdBzDsHXL2aMS,5
2020-12-17 23:41:47+00:00,0,"The House Music Anthem ""The Italian Connection"" - Emanuele Inglese Remix","Curtis ""Move Your Body"" Mcclain",Move Your Body 30Th Anniversary: Commemorative Edition,spotify:track:3tU5DnD5FZdBzDsHXL2aMS,4
2020-12-17 23:41:50+00:00,0,"The House Music Anthem ""The Italian Connection"" - Emanuele Inglese Remix","Curtis ""Move Your Body"" Mcclain",Move Your Body 30Th Anniversary: Commemorative Edition,spotify:track:3tU5DnD5FZdBzDsHXL2aMS,4
2020-12-17 23:41:57+00:00,0,Season Anthem,Emannsc,Itsonlygonnagetbetter,spotify:track:40sgeL0ftEeK0aZ1X2NiqU,4
2021-06-24 16:07:27+00:00,0,Arms,The Paper Kites,On the Train Ride Home,spotify:track:48HT7Zzd3We4ZjG82lsbdK,4
2020-12-17 23:41:44+00:00,0,Middle Finger Anthem,Sublime Eman,Rated E,spotify:track:2erODweK4HFMJxCsfec9aS,3
2020-12-17 23:41:48+00:00,0,"The House Music Anthem ""The Italian Connection"" - Emanuele Inglese Remix","Curtis ""Move Your Body"" Mcclain",Move Your Body 30Th Anniversary: Commemorative Edition,spotify:track:3tU5DnD5FZdBzDsHXL2aMS,3
2020-12-17 23:41:51+00:00,0,"The House Music Anthem ""The Italian Connection"" - Emanuele Inglese Remix","Curtis ""Move Your Body"" Mcclain",Move Your Body 30Th Anniversary: Commemorative Edition,spotify:track:3tU5DnD5FZdBzDsHXL2aMS,3
2020-12-17 23:41:55+00:00,0,"The House Music Anthem ""The Italian Connection"" - Emanuele Inglese Remix","Curtis ""Move Your Body"" Mcclain",Move Your Body 30Th Anniversary: Commemorative Edition,spotify:track:3tU5DnD5FZdBzDsHXL2aMS,3
2021-05-21 01:38:36+00:00,0,Bounty,Aftertheparty,Bounty,spotify:track:2fSqMltkIff1dBwKdFNoNu,3
2022-02-10 12:52:35+00:00,162879,Polo Sport,Thelonious B.,Polo Sport,spotify:track:0R4vaZgqskXAh25vblHx3y,3
2020-12-04 10:23:47+00:00,153169,COME THRU,Joji,BALLADS 1,spotify:track:48x8fBWfyeSMzLl5gbsjr9,2
2020-12-04 10:35:02+00:00,239943,Like You Do,Joji,Nectar,spotify:track:1MONUudxAjEk76FJvzGhuD,2
2020-12-04 10:46:44+00:00,174197,YEAH RIGHT,Joji,BALLADS 1,spotify:track:1VGzxJnVQND7Cg5H5wGj14,2
2020-12-04 11:00:03+00:00,126188,worldstar money (interlude),Joji,In Tongues (Deluxe),spotify:track:0baNzeUcPQnQSagpe8T0mD,2
2020-12-04 11:12:11+00:00,194936,Run,Joji,Gimme Love,spotify:track:0AFpOvLJG0x90I2aZlb6db,2
2020-12-04 11:15:46+00:00,214439,Gimme Love,Joji,Gimme Love,spotify:track:2hfoyc7ve6xM4ZEiNIiU1B,2
2020-12-04 11:17:59+00:00,131943,Demons (Lapalux Remix),Joji,In Tongues (Deluxe),spotify:track:7dbnPDB4gAJVTduLcixNMT,2
2020-12-04 11:26:43+00:00,163693,Daylight,Joji,Daylight,spotify:track:6Ed1q0X8oSKSm4IIhiQbYg,2
2020-12-04 11:50:08+00:00,106940,CAN'T GET OVER YOU (feat. Clams Casino),Joji,BALLADS 1,spotify:track:39oeKRgsLeynDIbWuXyA47,2
2020-12-04 11:53:36+00:00,207689,Ew,Joji,Nectar,spotify:track:7xcUWyLh6fIMsYjoVI7NnZ,2
2020-12-08 19:19:05+00:00,82804,Reflect - Dactilar Remix,Pablo Bolivar,Recall Remixes Part 1,spotify:track:0ntBEX6oih3rZWEZD5j7Nf,2
2020-12-17 23:41:40+00:00,0,Middle Finger Anthem,Sublime Eman,Rated E,spotify:track:2erODweK4HFMJxCsfec9aS,2
2021-01-14 06:15:07+00:00,0,Kalamazoo,Beat Oven,High,spotify:track:7zghUphvkHNEB7XvgxhOFG,2
2021-01-15 06:20:02+00:00,0,One Grain of Sand,Powel,The Beauty of a Polaroid,spotify:track:73F3XnDV60gX1tOnJw4ut9,2
2021-01-28 22:04:38+00:00,20862,The Town Where I'm From,Charles Ellsworth,Cesaréa,spotify:track:0Khmo7rzTgx8PT7qxKvEY1,2
2021-02-11 05:55:10+00:00,0,Goodbyes,Jorja Smith,Lost & Found,spotify:track:4CYBfRX3oEPni9Elqm8Bnt,2
2021-02-11 06:15:04+00:00,0,Goodbyes,Jorja Smith,Lost & Found,spotify:track:4CYBfRX3oEPni9Elqm8Bnt,2
2021-02-23 06:25:37+00:00,0,Someone You Loved,Conor Maynard,Someone You Loved,spotify:track:5aQDkvNNDDfwD2XHtW9xjq,2
2021-02-24 05:15:05+00:00,0,Someone You Loved,Conor Maynard,Someone You Loved,spotify:track:5aQDkvNNDDfwD2XHtW9xjq,2
2021-02-25 05:20:28+00:00,0,Someone You Loved,Conor Maynard,Someone You Loved,spotify:track:5aQDkvNNDDfwD2XHtW9xjq,2
2021-02-26 05:00:06+00:00,0,Someone You Loved,Conor Maynard,Someone You Loved,spotify:track:5aQDkvNNDDfwD2XHtW9xjq,2
2021-02-26 05:20:04+00:00,0,Someone You Loved,Conor Maynard,Someone You Loved,spotify:track:5aQDkvNNDDfwD2XHtW9xjq,2
2021-03-22 18:13:06+00:00,178053,Aftersun,Màia,Estels a les Butxaques,spotify:track:15nk4jbI136QElu0QKRCPk,2
2021-04-08 05:40:09+00:00,0,Night Watcher,Jordi Forniés,Night Watcher,spotify:track:6wy3kklUwbECCixP5M8jTn,2
2021-04-19 05:25:01+00:00,0,Night Watcher,Jordi Forniés,Night Watcher,spotify:track:6wy3kklUwbECCixP5M8jTn,2
2021-05-11 05:50:37+00:00,0,Night Watcher,Jordi Forniés,Night Watcher,spotify:track:6wy3kklUwbECCixP5M8jTn,2
2021-05-19 06:45:18+00:00,0,Bounty,Aftertheparty,Bounty,spotify:track:2fSqMltkIff1dBwKdFNoNu,2
2021-05-20 06:20:04+00:00,0,Bounty,Aftertheparty,Bounty,spotify:track:2fSqMltkIff1dBwKdFNoNu,2
2021-05-24 05:25:02+00:00,0,Bounty,Aftertheparty,Bounty,spotify:track:2fSqMltkIff1dBwKdFNoNu,2
2021-05-24 05:35:12+00:00,0,Bounty,Aftertheparty,Bounty,spotify:track:2fSqMltkIff1dBwKdFNoNu,2
2021-05-25 10:38:13+00:00,0,Bounty,Aftertheparty,Bounty,spotify:track:2fSqMltkIff1dBwKdFNoNu,2
2021-05-26 05:45:02+00:00,0,Bounty,Aftertheparty,Bounty,spotify:track:2fSqMltkIff1dBwKdFNoNu,2
